{"name":"Form root","localizedNames":{},"localizedDescriptions":{},"rmType":"FORM_DEFINITION","min":0,"max":0,"formId":"form_root","viewConfig":{"label":{"custom":false,"useLocalizations":false},"size":{"field":"inherit","label":"inherit"},"layout":{"label":{"valign":"inherit","align":"top"},"field":{"valign":"inherit","align":"inherit"}},"annotations":{}},"children":[{"name":"Vaksinasjonsliste","localizedName":"Vaksinasjonsliste","localizedNames":{"en":"vaccination_list_v10","nb":"Vaksinasjonsliste"},"localizedDescriptions":{"nb":"*A persistent and managed list of vaccinations that have been administered to an individual over time. (en)","en":"A persistent and managed list of vaccinations that have been administered to an individual over time."},"rmType":"COMPOSITION","nodeId":"openEHR-EHR-COMPOSITION.vaccination_list.v0","min":1,"max":1,"aqlPath":"/","inputs":[],"formId":"vaksinasjonsliste","viewConfig":{"multiplicity":{"min":1,"max":1},"advanced":{"hidden":false,"readonly":false,"hideFrame":false,"render":false},"label":{"custom":false,"useLocalizations":false},"size":{"field":"inherit","label":"inherit"},"layout":{"label":{"valign":"inherit","align":"inherit"},"field":{"valign":"inherit","align":"inherit"}},"annotations":{},"field":{}},"children":[{"name":"Legemiddelhåndtering","localizedName":"Vaksinering","localizedNames":{"en":"Immunisation","nb":"Vaksinering"},"localizedDescriptions":{"nb":"Detaljer om enhver legemiddelrelatert oppgave som utføres fra et legemiddel er ordinert eller rekvirert til det er utdelt eller eventuelt kassert, for eksempel bestilling, istandgjøring, administrering, ekspedering eller seponering.","en":"Any activity related to the planning, scheduling, prescription management, dispensing, administration, cessation and other use of a medication, vaccine, nutritional product or other therapeutic item."},"rmType":"ACTION","nodeId":"openEHR-EHR-ACTION.medication.v1","min":0,"max":-1,"aqlPath":"/content[openEHR-EHR-ACTION.medication.v1]","inputs":[],"formId":"vaksinasjonsliste/legemiddelhåndtering","viewConfig":{"multiplicity":{"min":0,"max":-1},"advanced":{"hidden":false,"readonly":false,"hideFrame":false,"render":false},"label":{"custom":false,"useLocalizations":false},"size":{"field":"inherit","label":"inherit"},"layout":{"label":{"valign":"inherit","align":"inherit"},"field":{"valign":"inherit","align":"inherit"}},"annotations":{},"field":{},"tags":["ShowAsMasterDetail"]},"children":[{"name":"ism_transition","localizedName":"ism_transition","localizedNames":{"en":"*ism_transition (en)","nb":"ism_transition"},"localizedDescriptions":{},"rmType":"ISM_TRANSITION","min":1,"max":1,"aqlPath":"/content[openEHR-EHR-ACTION.medication.v1]/ism_transition","inputs":[],"formId":"vaksinasjonsliste/legemiddelhåndtering/ism_transition","viewConfig":{"multiplicity":{"min":1,"max":1},"advanced":{"hidden":true,"readonly":false,"hideFrame":false,"render":false},"label":{"custom":false,"useLocalizations":false},"size":{"field":"inherit","label":"inherit"},"layout":{"label":{"valign":"inherit","align":"inherit"},"field":{"valign":"inherit","align":"inherit"}},"annotations":{}},"children":[{"name":"current_state","localizedName":"current_state","localizedNames":{"en":"*current_state (en)","nb":"current_state"},"localizedDescriptions":{},"rmType":"DV_CODED_TEXT","min":1,"max":1,"aqlPath":"/content[openEHR-EHR-ACTION.medication.v1]/ism_transition/current_state","inputs":[{"suffix":"code","type":"CODED_TEXT","list":[{"value":"532","label":"Completed","ordinal":0,"localizedLabels":{"en":"Completed","nb":"Fullført"},"localizedDescriptions":{}}],"defaultValue":"532","listOpen":false}],"formId":"vaksinasjonsliste/legemiddelhåndtering/ism_transition/current_state","viewConfig":{"multiplicity":{"min":1,"max":1},"advanced":{"hidden":false,"readonly":false,"hideFrame":false,"render":false},"label":{"custom":false,"useLocalizations":false},"size":{"field":"inherit","label":"inherit"},"layout":{"label":{"valign":"inherit","align":"inherit"},"field":{"valign":"inherit","align":"inherit"}},"annotations":{},"field":{"code":{"presentation":"combobox","columns":"1"}}}},{"name":"careflow_step","localizedName":"careflow_step","localizedNames":{"en":"*careflow_step (en)","nb":"careflow_step"},"localizedDescriptions":{},"rmType":"DV_CODED_TEXT","min":1,"max":1,"aqlPath":"/content[openEHR-EHR-ACTION.medication.v1]/ism_transition/careflow_step","inputs":[{"suffix":"code","type":"CODED_TEXT","list":[{"value":"at0007","label":"Medisinering fullført","currentStates":["532"],"ordinal":0,"localizedLabels":{"nb":"Medisinering fullført","en":"Medication course completed"},"localizedDescriptions":{"nb":"Medisineringen er fullført som ordinert.","en":"The medication course has been completed as planned."}}],"defaultValue":"at0007","listOpen":false}],"formId":"vaksinasjonsliste/legemiddelhåndtering/ism_transition/careflow_step","viewConfig":{"multiplicity":{"min":1,"max":1},"advanced":{"hidden":false,"readonly":false,"hideFrame":false,"render":false},"label":{"custom":false,"useLocalizations":false},"size":{"field":"inherit","label":"inherit"},"layout":{"label":{"valign":"inherit","align":"inherit"},"field":{"valign":"inherit","align":"inherit"}},"annotations":{},"field":{"code":{"presentation":"combobox","columns":"1"}}}}]},{"name":"Time","localizedName":"Time","localizedNames":{"en":"*Time (en)","nb":"Time"},"localizedDescriptions":{},"rmType":"DV_DATE_TIME","min":0,"max":1,"aqlPath":"/content[openEHR-EHR-ACTION.medication.v1]/time","inputs":[{"type":"DATETIME","listOpen":false}],"formId":"vaksinasjonsliste/legemiddelhåndtering/time","viewConfig":{"multiplicity":{"min":0,"max":1},"advanced":{"hidden":false,"readonly":false,"hideFrame":false,"render":false},"label":{"custom":false,"useLocalizations":false},"size":{"field":"inherit","label":"inherit"},"layout":{"label":{"valign":"inherit","align":"inherit"},"field":{"valign":"inherit","align":"inherit"}},"annotations":{},"field":{"input":{"hideTime":false,"dateFormat":"","hideDate":false}},"tags":["IncludeInMasterDetail"]}},{"name":"Legemiddel","localizedName":"Legemiddel","localizedNames":{"en":"Medication item","nb":"Legemiddel"},"localizedDescriptions":{"nb":"Navnet på legemiddelet, vaksinen eller det medisinske forbruksmateriellet som var fokus for aktiviteten.","en":"Name of the medication, vaccine or other therapeutic/prescribable item which was the focus of the activity."},"rmType":"DV_TEXT","nodeId":"at0020","min":0,"max":1,"aqlPath":"/content[openEHR-EHR-ACTION.medication.v1]/description[at0017]/items[at0020]/value","inputs":[{"type":"TEXT","list":[],"listOpen":false}],"formId":"vaksinasjonsliste/legemiddelhåndtering/legemiddel","viewConfig":{"multiplicity":{"min":0,"max":1},"advanced":{"hidden":false,"readonly":false,"hideFrame":false,"render":false},"label":{"custom":false,"useLocalizations":false},"size":{"field":"inherit","label":"inherit"},"layout":{"label":{"valign":"inherit","align":"inherit"},"field":{"valign":"inherit","align":"inherit"}},"datasource":{"loadRemote":false,"parameters":{}},"annotations":{},"field":{"lines":null,"input":{},"formatting":null},"tags":["IncludeInMasterDetail"]}},{"name":"Klinisk indikasjon","localizedName":"Klinisk indikasjon","localizedNames":{"en":"Clinical indication","nb":"Klinisk indikasjon"},"localizedDescriptions":{"nb":"Den kliniske årsaken til legemiddeladministrasjonen.","en":"The clinical reason for the medication activity."},"rmType":"DV_CODED_TEXT","nodeId":"at0156","min":0,"max":1,"aqlPath":"/content[openEHR-EHR-ACTION.medication.v1]/description[at0017]/items[at0156]/value","inputs":[{"suffix":"code","type":"CODED_TEXT","list":[{"value":"33879002","label":"Immunisation","ordinal":0,"localizedLabels":{"nb":"Immunisation","en":"*Immunisation (nb)"},"localizedDescriptions":{}}],"defaultValue":"33879002","listOpen":false}],"formId":"vaksinasjonsliste/legemiddelhåndtering/klinisk_indikasjon","viewConfig":{"multiplicity":{"min":0,"max":1},"advanced":{"hidden":true,"readonly":false,"hideFrame":false,"render":false},"label":{"custom":false,"useLocalizations":false},"size":{"field":"inherit","label":"inherit"},"layout":{"label":{"valign":"inherit","align":"inherit"},"field":{"valign":"inherit","align":"inherit"}},"annotations":{},"field":{"code":{"presentation":"combobox","columns":"1"}}}},{"name":"Kommentar","localizedName":"Kommentar","localizedNames":{"en":"Comment","nb":"Kommentar"},"localizedDescriptions":{"nb":"Ytterligere fritekstdetaljer om aktiviteten eller prosesstrinnet som ikke representeres i andre elementer, inkludert detaljer om varians mellom den planlagte handlingen og handlingen som faktisk ble utført.","en":"Additional narrative about the activity or pathway step not captured in other fields, including details of any variance between the intended action and the action actually performed."},"rmType":"DV_TEXT","nodeId":"at0024","min":0,"max":1,"aqlPath":"/content[openEHR-EHR-ACTION.medication.v1]/description[at0017]/items[at0024]/value","inputs":[{"type":"TEXT","list":[],"listOpen":false}],"formId":"vaksinasjonsliste/legemiddelhåndtering/kommentar","viewConfig":{"multiplicity":{"min":0,"max":1},"advanced":{"hidden":false,"readonly":false,"hideFrame":false,"render":false},"label":{"custom":false,"useLocalizations":false},"size":{"field":"inherit","label":"inherit"},"layout":{"label":{"valign":"inherit","align":"inherit"},"field":{"valign":"inherit","align":"inherit"}},"datasource":{"loadRemote":false,"parameters":{}},"annotations":{},"field":{"lines":null,"input":{},"formatting":null}}}]},{"name":"Start time","localizedName":"Start time","localizedNames":{"en":"*Start time (en)","nb":"Start time"},"localizedDescriptions":{},"rmType":"DV_DATE_TIME","min":0,"max":1,"aqlPath":"/context/start_time","inputs":[{"type":"DATETIME","listOpen":false}],"formId":"vaksinasjonsliste/start_time","viewConfig":{"multiplicity":{"min":0,"max":1},"advanced":{"hidden":false,"readonly":false,"hideFrame":false,"render":false},"label":{"custom":false,"useLocalizations":false},"size":{"field":"inherit","label":"inherit"},"layout":{"label":{"valign":"inherit","align":"inherit"},"field":{"valign":"inherit","align":"inherit"}},"annotations":{},"field":{"input":{"hideTime":false,"dateFormat":"","hideDate":false}}}},{"name":"End time","localizedName":"End time","localizedNames":{"en":"*End time (en)","nb":"End time"},"localizedDescriptions":{},"rmType":"DV_DATE_TIME","min":0,"max":1,"aqlPath":"/context/end_time","inputs":[{"type":"DATETIME","listOpen":false}],"formId":"vaksinasjonsliste/end_time","viewConfig":{"multiplicity":{"min":0,"max":1},"advanced":{"hidden":false,"readonly":false,"hideFrame":false,"render":false},"label":{"custom":false,"useLocalizations":false},"size":{"field":"inherit","label":"inherit"},"layout":{"label":{"valign":"inherit","align":"inherit"},"field":{"valign":"inherit","align":"inherit"}},"annotations":{},"field":{"input":{"hideTime":false,"dateFormat":"","hideDate":false}}}}]}]}