[{"col":1,"row":1,"width":12,"height":54,"children":[{"id":"vaksinasjonsliste","rows":[{"cols":[{"width":"100%","children":[{"id":"vaksinasjonsliste/legemiddelhåndtering","rows":[{"cols":[{"width":"100%","children":[{"id":"vaksinasjonsliste/legemiddelhåndtering/ism_transition","rows":[{"cols":[{"width":"100%","children":[{"id":"vaksinasjonsliste/legemiddelhåndtering/ism_transition/current_state","rows":[]},{"id":"vaksinasjonsliste/legemiddelhåndtering/ism_transition/careflow_step","rows":[]}]}]}]},{"id":"vaksinasjonsliste/legemiddelhåndtering/time","rows":[]},{"id":"vaksinasjonsliste/legemiddelhåndtering/legemiddel","rows":[]},{"id":"vaksinasjonsliste/legemiddelhåndtering/legemiddel2/navn","rows":[]},{"id":"vaksinasjonsliste/legemiddelhåndtering/legemiddel2/produsent","rows":[]},{"id":"vaksinasjonsliste/legemiddelhåndtering/legemiddel2/batch-id","rows":[]},{"id":"vaksinasjonsliste/legemiddelhåndtering/dosenummer@Dosenummer","rows":[]},{"id":"vaksinasjonsliste/legemiddelhåndtering/administreringsdetaljer","rows":[{"cols":[{"width":"100%","children":[{"id":"vaksinasjonsliste/legemiddelhåndtering/administreringsdetaljer/anatomisk_lokalisering","rows":[]}]}]}]},{"id":"vaksinasjonsliste/legemiddelhåndtering/klinisk_indikasjon","rows":[]},{"id":"vaksinasjonsliste/legemiddelhåndtering/organisasjon","rows":[{"cols":[{"width":"100%","children":[{"id":"vaksinasjonsliste/legemiddelhåndtering/organisasjon/navn","rows":[]}]}]}]},{"id":"vaksinasjonsliste/legemiddelhåndtering/vaksinatør@Vaksinatør","rows":[{"cols":[{"width":"100%","children":[{"id":"vaksinasjonsliste/legemiddelhåndtering/vaksinatør@Vaksinatør/vaksinatør@Vaksinatør","rows":[]},{"id":"vaksinasjonsliste/legemiddelhåndtering/vaksinatør@Vaksinatør/rolle","rows":[]}]}]}]},{"id":"vaksinasjonsliste/legemiddelhåndtering/kommentar","rows":[]}]}]}]}]}]},{"cols":[{"width":"50%","children":[{"id":"vaksinasjonsliste/start_time","rows":[]}]},{"width":"50%","children":[{"id":"vaksinasjonsliste/end_time","rows":[]}]}]}]}]}]