{"name":"Form root","localizedNames":{},"localizedDescriptions":{},"rmType":"FORM_DEFINITION","min":0,"max":0,"formId":"form_root","viewConfig":{"label":{"custom":false,"useLocalizations":false},"size":{"field":"inherit","label":"inherit"},"layout":{"label":{"valign":"inherit","align":"top"},"field":{"valign":"inherit","align":"inherit"}},"annotations":{"#vaccines":"select\r\n   c/uid/value as CID,\r\n   a\r\nfrom\r\n   composition c\r\n      contains ACTION a[openEHR-EHR-ACTION.medication.v1]\r\nwhere\r\n   a/description[at0017]/items[at0156]/value/defining_code/terminology_id/value = 'SNOMED-CT' and\r\n   a/description[at0017]/items[at0156]/value/defining_code/code_string = '33879002'\r\norder by a/time/value desc"}},"children":[{"name":"Vaksinasjonsliste","localizedName":"Vaksinasjonsliste","localizedNames":{"en":"Vaccination list","nb":"Vaksinasjonsliste"},"localizedDescriptions":{"nb":"*A persistent and managed list of vaccinations that have been administered to an individual over time. (en)","en":"A persistent and managed list of vaccinations that have been administered to an individual over time."},"rmType":"COMPOSITION","nodeId":"openEHR-EHR-COMPOSITION.vaccination_list.v0","min":1,"max":1,"aqlPath":"/","inputs":[],"formId":"vaksinasjonsliste","viewConfig":{"multiplicity":{"min":1,"max":1},"advanced":{"hidden":false,"readonly":false,"hideFrame":false,"render":false},"label":{"custom":false,"useLocalizations":false},"size":{"field":"inherit","label":"inherit"},"layout":{"label":{"valign":"inherit","align":"inherit"},"field":{"valign":"inherit","align":"inherit"}},"annotations":{},"field":{}},"children":[{"name":"Legemiddelhåndtering","localizedName":"Vaksinering","localizedNames":{"en":"Immunisation","nb":"Vaksinering"},"localizedDescriptions":{"nb":"Detaljer om enhver legemiddelrelatert oppgave som utføres fra et legemiddel er ordinert eller rekvirert til det er utdelt eller eventuelt kassert, for eksempel bestilling, istandgjøring, administrering, ekspedering eller seponering.","en":"Any activity related to the planning, scheduling, prescription management, dispensing, administration, cessation and other use of a medication, vaccine, nutritional product or other therapeutic item."},"rmType":"ACTION","nodeId":"openEHR-EHR-ACTION.medication.v1","min":0,"max":-1,"aqlPath":"/content[openEHR-EHR-ACTION.medication.v1]","inputs":[],"formId":"vaksinasjonsliste/legemiddelhåndtering","viewConfig":{"multiplicity":{"min":0,"max":-1},"advanced":{"hidden":false,"readonly":false,"hideFrame":false,"render":false},"label":{"custom":false,"useLocalizations":false},"size":{"field":"inherit","label":"inherit"},"layout":{"label":{"valign":"inherit","align":"inherit"},"field":{"valign":"inherit","align":"inherit"}},"annotations":{"selectreadonly":"{#vaccines}"},"field":{},"tags":["ShowAsMasterDetail"]},"children":[{"name":"ism_transition","localizedName":"ism_transition","localizedNames":{"en":"*ism_transition (en)","nb":"ism_transition"},"localizedDescriptions":{},"rmType":"ISM_TRANSITION","min":1,"max":1,"aqlPath":"/content[openEHR-EHR-ACTION.medication.v1]/ism_transition","inputs":[],"formId":"vaksinasjonsliste/legemiddelhåndtering/ism_transition","viewConfig":{"multiplicity":{"min":1,"max":1},"advanced":{"hidden":true,"readonly":false,"hideFrame":false,"render":false},"label":{"custom":false,"useLocalizations":false},"size":{"field":"inherit","label":"inherit"},"layout":{"label":{"valign":"inherit","align":"inherit"},"field":{"valign":"inherit","align":"inherit"}},"annotations":{}},"children":[{"name":"current_state","localizedName":"current_state","localizedNames":{"en":"*current_state (en)","nb":"current_state"},"localizedDescriptions":{},"rmType":"DV_CODED_TEXT","min":1,"max":1,"aqlPath":"/content[openEHR-EHR-ACTION.medication.v1]/ism_transition/current_state","inputs":[{"suffix":"code","type":"CODED_TEXT","list":[{"value":"532","label":"Completed","ordinal":0,"localizedLabels":{"en":"Completed","nb":"Fullført"},"localizedDescriptions":{}}],"defaultValue":"532","listOpen":false}],"formId":"vaksinasjonsliste/legemiddelhåndtering/ism_transition/current_state","viewConfig":{"multiplicity":{"min":1,"max":1},"advanced":{"hidden":false,"readonly":false,"hideFrame":false,"render":false},"label":{"custom":false,"useLocalizations":false},"size":{"field":"inherit","label":"inherit"},"layout":{"label":{"valign":"inherit","align":"inherit"},"field":{"valign":"inherit","align":"inherit"}},"annotations":{},"field":{"code":{"presentation":"combobox","columns":"1"}}}},{"name":"careflow_step","localizedName":"careflow_step","localizedNames":{"en":"*careflow_step (en)","nb":"careflow_step"},"localizedDescriptions":{},"rmType":"DV_CODED_TEXT","min":1,"max":1,"aqlPath":"/content[openEHR-EHR-ACTION.medication.v1]/ism_transition/careflow_step","inputs":[{"suffix":"code","type":"CODED_TEXT","list":[{"value":"at0007","label":"Medisinering fullført","currentStates":["532"],"ordinal":0,"localizedLabels":{"nb":"Medisinering fullført","en":"Medication course completed"},"localizedDescriptions":{"nb":"Medisineringen er fullført som ordinert.","en":"The medication course has been completed as planned."}}],"defaultValue":"at0007","listOpen":false}],"formId":"vaksinasjonsliste/legemiddelhåndtering/ism_transition/careflow_step","viewConfig":{"multiplicity":{"min":1,"max":1},"advanced":{"hidden":false,"readonly":false,"hideFrame":false,"render":false},"label":{"custom":false,"useLocalizations":false},"size":{"field":"inherit","label":"inherit"},"layout":{"label":{"valign":"inherit","align":"inherit"},"field":{"valign":"inherit","align":"inherit"}},"annotations":{},"field":{"code":{"presentation":"combobox","columns":"1"}}}}]},{"name":"Time","localizedName":"Når","localizedNames":{"en":"Time","nb":"Når"},"localizedDescriptions":{},"rmType":"DV_DATE_TIME","min":0,"max":1,"aqlPath":"/content[openEHR-EHR-ACTION.medication.v1]/time","inputs":[{"type":"DATETIME","listOpen":false}],"formId":"vaksinasjonsliste/legemiddelhåndtering/time","viewConfig":{"multiplicity":{"min":0,"max":1},"advanced":{"hidden":false,"readonly":false,"hideFrame":false,"render":false},"label":{"custom":false,"useLocalizations":false},"size":{"field":"inherit","label":"inherit"},"layout":{"label":{"valign":"inherit","align":"inherit"},"field":{"valign":"inherit","align":"inherit"}},"annotations":{},"field":{"input":{"hideTime":false,"dateFormat":"","hideDate":false}},"tags":["IncludeInMasterDetail"]}},{"name":"Legemiddel","localizedName":"Legemiddel","localizedNames":{"en":"Medication item","nb":"Legemiddel"},"localizedDescriptions":{"nb":"Navnet på legemiddelet, vaksinen eller det medisinske forbruksmateriellet som var fokus for aktiviteten.","en":"Name of the medication, vaccine or other therapeutic/prescribable item which was the focus of the activity."},"rmType":"DV_TEXT","nodeId":"at0020","min":0,"max":1,"aqlPath":"/content[openEHR-EHR-ACTION.medication.v1]/description[at0017]/items[at0020]/value","inputs":[{"type":"TEXT","list":[],"listOpen":false}],"formId":"vaksinasjonsliste/legemiddelhåndtering/legemiddel","viewConfig":{"multiplicity":{"min":0,"max":1},"advanced":{"hidden":false,"readonly":false,"hideFrame":false,"render":false},"label":{"custom":false,"useLocalizations":false},"size":{"field":"inherit","label":"inherit"},"layout":{"label":{"valign":"inherit","align":"inherit"},"field":{"valign":"inherit","align":"inherit"}},"datasource":{"loadRemote":false,"parameters":{}},"annotations":{},"field":{"lines":null,"input":{},"formatting":null},"tags":["IncludeInMasterDetail"]}},{"name":"Navn","localizedName":"Navn","localizedNames":{"en":"Name","nb":"Navn"},"localizedDescriptions":{"nb":"Navnet på legemiddelet eller legemiddelkomponenten.","en":"The name of the medication or medication component."},"rmType":"DV_TEXT","nodeId":"at0132","min":0,"max":1,"aqlPath":"/content[openEHR-EHR-ACTION.medication.v1]/description[at0017]/items[openEHR-EHR-CLUSTER.medication.v1]/items[at0132]/value","inputs":[{"type":"TEXT","list":[],"listOpen":false}],"formId":"vaksinasjonsliste/legemiddelhåndtering/legemiddel2/navn","viewConfig":{"multiplicity":{"min":0,"max":1},"advanced":{"hidden":true,"readonly":false,"hideFrame":false,"render":false},"label":{"custom":false,"useLocalizations":false},"size":{"field":"inherit","label":"inherit"},"layout":{"label":{"valign":"inherit","align":"inherit"},"field":{"valign":"inherit","align":"inherit"}},"datasource":{"loadRemote":false,"parameters":{}},"annotations":{},"field":{"lines":null,"input":{},"formatting":null}}},{"name":"Produsent","localizedName":"Produsent","localizedNames":{"en":"Manufacturer","nb":"Produsent"},"localizedDescriptions":{"nb":"Produsenten av komponenten.","en":"The manufacturer of the medication or medication component."},"rmType":"DV_TEXT","nodeId":"at0151","min":0,"max":1,"aqlPath":"/content[openEHR-EHR-ACTION.medication.v1]/description[at0017]/items[openEHR-EHR-CLUSTER.medication.v1]/items[at0151]/value","inputs":[{"type":"TEXT","list":[],"listOpen":false}],"formId":"vaksinasjonsliste/legemiddelhåndtering/legemiddel2/produsent","viewConfig":{"multiplicity":{"min":0,"max":1},"advanced":{"hidden":false,"readonly":false,"hideFrame":false,"render":false},"label":{"custom":false,"useLocalizations":false},"size":{"field":"inherit","label":"inherit"},"layout":{"label":{"valign":"inherit","align":"inherit"},"field":{"valign":"inherit","align":"inherit"}},"datasource":{"loadRemote":false,"parameters":{}},"annotations":{},"field":{"lines":null,"input":{},"formatting":null}}},{"name":"Batch-ID","localizedName":"Batch-ID","localizedNames":{"en":"Batch ID","nb":"Batch-ID"},"localizedDescriptions":{"nb":"Identifikatoren tilordnet av produsenten for å identifisere produksjons-batchen for produktet.","en":"The identifier assigned to the production batch by the manufacturer during production."},"rmType":"DV_TEXT","nodeId":"at0150","min":0,"max":1,"aqlPath":"/content[openEHR-EHR-ACTION.medication.v1]/description[at0017]/items[openEHR-EHR-CLUSTER.medication.v1]/items[at0150]/value","inputs":[{"type":"TEXT","list":[],"listOpen":false}],"formId":"vaksinasjonsliste/legemiddelhåndtering/legemiddel2/batch-id","viewConfig":{"multiplicity":{"min":0,"max":1},"advanced":{"hidden":false,"readonly":false,"hideFrame":false,"render":false},"label":{"custom":false,"useLocalizations":false},"size":{"field":"inherit","label":"inherit"},"layout":{"label":{"valign":"inherit","align":"inherit"},"field":{"valign":"inherit","align":"inherit"}},"datasource":{"loadRemote":false,"parameters":{}},"annotations":{},"field":{"lines":null,"input":{},"formatting":null},"tags":["IncludeInMasterDetail"]}},{"name":"Dosenummer","localizedName":"Dosenummer","localizedNames":{"en":"*Dosenummer (en)","nb":"Dosenummer"},"localizedDescriptions":{"nb":"Sekvensnummeret for den spesifikke handlingen som blir registrert.","en":"The sequence number specific to the pathway step being recorded."},"rmType":"DV_COUNT","nodeId":"at0025","min":0,"max":1,"aqlPath":"/content[openEHR-EHR-ACTION.medication.v1]/description[at0017]/items[at0025 and name/value='Dosenummer']/value","inputs":[{"type":"INTEGER","defaultValue":"","listOpen":false}],"formId":"vaksinasjonsliste/legemiddelhåndtering/dosenummer@Dosenummer","viewConfig":{"multiplicity":{"min":0,"max":1},"advanced":{"hidden":false,"readonly":false,"hideFrame":false,"render":false},"label":{"custom":false,"useLocalizations":false},"size":{"field":"inherit","label":"inherit"},"layout":{"label":{"valign":"inherit","align":"inherit"},"field":{"valign":"inherit","align":"inherit"}},"annotations":{},"field":{},"tags":["IncludeInMasterDetail"]}},{"name":"Administreringsdetaljer","localizedName":"Administreringsdetaljer","localizedNames":{"en":"Administration details","nb":"Administreringsdetaljer"},"localizedDescriptions":{"nb":"Detaljer om administrering av legemiddelet.","en":"Details of body site and administration of the medication."},"rmType":"CLUSTER","nodeId":"at0140","min":1,"max":1,"aqlPath":"/content[openEHR-EHR-ACTION.medication.v1]/description[at0017]/items[at0140]","inputs":[],"formId":"vaksinasjonsliste/legemiddelhåndtering/administreringsdetaljer","viewConfig":{"multiplicity":{"min":1,"max":1},"advanced":{"hidden":false,"readonly":false,"hideFrame":false,"render":false},"label":{"custom":false,"useLocalizations":false},"size":{"field":"inherit","label":"-1"},"layout":{"label":{"valign":"inherit","align":"inherit"},"field":{"valign":"inherit","align":"inherit"}},"annotations":{},"field":{},"tags":["HideLabel"]},"children":[{"name":"Anatomisk lokalisering","localizedName":"Plassering","localizedNames":{"en":"Placement","nb":"Plassering"},"localizedDescriptions":{"nb":"Strukturert beskrivelse av hvor i kroppen det ordinerte produktet skal administreres eller ble administrert.","en":"Structured description of the site of administration of the ordered item."},"rmType":"DV_TEXT","nodeId":"at0141","min":0,"max":1,"aqlPath":"/content[openEHR-EHR-ACTION.medication.v1]/description[at0017]/items[at0140]/items[at0141]/value","inputs":[{"type":"TEXT","list":[],"listOpen":false}],"formId":"vaksinasjonsliste/legemiddelhåndtering/administreringsdetaljer/anatomisk_lokalisering","viewConfig":{"multiplicity":{"min":0,"max":1},"advanced":{"hidden":false,"readonly":false,"hideFrame":false,"render":false},"label":{"custom":false,"useLocalizations":false},"size":{"field":"inherit","label":"inherit"},"layout":{"label":{"valign":"inherit","align":"inherit"},"field":{"valign":"inherit","align":"inherit"}},"datasource":{"loadRemote":false,"parameters":{}},"annotations":{},"field":{"lines":null,"input":{},"formatting":null}}}]},{"name":"Klinisk indikasjon","localizedName":"Klinisk indikasjon","localizedNames":{"en":"Clinical indication","nb":"Klinisk indikasjon"},"localizedDescriptions":{"nb":"Den kliniske årsaken til legemiddeladministrasjonen.","en":"The clinical reason for the medication activity."},"rmType":"DV_CODED_TEXT","nodeId":"at0156","min":0,"max":1,"aqlPath":"/content[openEHR-EHR-ACTION.medication.v1]/description[at0017]/items[at0156]/value","inputs":[{"suffix":"code","type":"CODED_TEXT","list":[{"value":"33879002","label":"Immunisation","ordinal":0,"localizedLabels":{"nb":"Immunisation","en":"*Immunisation (nb)"},"localizedDescriptions":{}}],"defaultValue":"33879002","listOpen":false}],"formId":"vaksinasjonsliste/legemiddelhåndtering/klinisk_indikasjon","viewConfig":{"multiplicity":{"min":0,"max":1},"advanced":{"hidden":true,"readonly":false,"hideFrame":false,"render":false},"label":{"custom":false,"useLocalizations":false},"size":{"field":"inherit","label":"inherit"},"layout":{"label":{"valign":"inherit","align":"inherit"},"field":{"valign":"inherit","align":"inherit"}},"annotations":{},"field":{"code":{"presentation":"combobox","columns":"1"}}}},{"name":"Organisasjon","localizedName":"Organisasjon","localizedNames":{"en":"Organisation","nb":"Organisasjon"},"localizedDescriptions":{"nb":"En identifisert formell entitet eller en uformell gruppering av mennesker.","en":"An identified formal entity or informal grouping of people."},"rmType":"CLUSTER","nodeId":"openEHR-EHR-CLUSTER.organisation.v0","min":1,"max":1,"aqlPath":"/content[openEHR-EHR-ACTION.medication.v1]/protocol[at0030]/items[openEHR-EHR-CLUSTER.organisation.v0]","inputs":[],"formId":"vaksinasjonsliste/legemiddelhåndtering/organisasjon","viewConfig":{"multiplicity":{"min":1,"max":1},"advanced":{"hidden":false,"readonly":false,"hideFrame":false,"render":false},"label":{"custom":false,"useLocalizations":false},"size":{"field":"inherit","label":"-1"},"layout":{"label":{"valign":"inherit","align":"inherit"},"field":{"valign":"inherit","align":"inherit"}},"annotations":{"validateemptycontainer":"false"},"field":{},"tags":["HideLabel"]},"children":[{"name":"Navn","localizedName":"Organisajons","localizedNames":{"en":"Organisation","nb":"Organisasjon"},"localizedDescriptions":{"nb":"Ustrukturert navn for organisasjonen.","en":"The unstructured name or label for the organisation."},"rmType":"DV_TEXT","nodeId":"at0001","min":1,"max":1,"aqlPath":"/content[openEHR-EHR-ACTION.medication.v1]/protocol[at0030]/items[openEHR-EHR-CLUSTER.organisation.v0]/items[at0001]/value","inputs":[{"type":"TEXT","list":[],"listOpen":false}],"formId":"vaksinasjonsliste/legemiddelhåndtering/organisasjon/navn","viewConfig":{"multiplicity":{"min":1,"max":1},"advanced":{"hidden":false,"readonly":false,"hideFrame":false,"render":false},"label":{"custom":false,"useLocalizations":false},"size":{"field":"inherit","label":"inherit"},"layout":{"label":{"valign":"inherit","align":"inherit"},"field":{"valign":"inherit","align":"inherit"}},"datasource":{"loadRemote":false,"parameters":{}},"annotations":{},"field":{"lines":null,"input":{},"formatting":null}}}]},{"name":"Vaksinatør","localizedName":"Vaksinatør","localizedNames":{"en":"*Vaksinatør (en)","nb":"Vaksinatør"},"localizedDescriptions":{"nb":"Et identifisert menneske.","en":"An identified human being."},"rmType":"CLUSTER","nodeId":"openEHR-EHR-CLUSTER.person.v0","min":1,"max":1,"aqlPath":"/content[openEHR-EHR-ACTION.medication.v1]/description[at0017]/items[openEHR-EHR-CLUSTER.person.v0 and name/value='Vaksinatør']","inputs":[],"formId":"vaksinasjonsliste/legemiddelhåndtering/vaksinatør@Vaksinatør","viewConfig":{"multiplicity":{"min":1,"max":1},"advanced":{"hidden":false,"readonly":false,"hideFrame":false,"render":false},"label":{"custom":false,"useLocalizations":false},"size":{"field":"inherit","label":"-1"},"layout":{"label":{"valign":"inherit","align":"inherit"},"field":{"valign":"inherit","align":"inherit"}},"annotations":{},"field":{},"tags":["HideLabel"]},"children":[{"name":"Vaksinatør","localizedName":"Vaksinatør","localizedNames":{"en":"Vaccinator","nb":"Vaksinatør"},"localizedDescriptions":{"nb":"Ustrukturert navn eller label for personen.","en":"The unstructured name or label for the person."},"rmType":"DV_TEXT","nodeId":"at0001","min":0,"max":1,"aqlPath":"/content[openEHR-EHR-ACTION.medication.v1]/description[at0017]/items[openEHR-EHR-CLUSTER.person.v0 and name/value='Vaksinatør']/items[at0001 and name/value='Vaksinatør']/value","inputs":[{"type":"TEXT","list":[],"listOpen":false}],"formId":"vaksinasjonsliste/legemiddelhåndtering/vaksinatør@Vaksinatør/vaksinatør@Vaksinatør","viewConfig":{"multiplicity":{"min":0,"max":1},"advanced":{"hidden":false,"readonly":false,"hideFrame":false,"render":false},"label":{"custom":false,"useLocalizations":false},"size":{"field":"inherit","label":"inherit"},"layout":{"label":{"valign":"inherit","align":"inherit"},"field":{"valign":"inherit","align":"inherit"}},"datasource":{"loadRemote":false,"parameters":{}},"annotations":{},"field":{"lines":null,"input":{},"formatting":null}}},{"name":"Rolle","localizedName":"Rolle","localizedNames":{"en":"Role","nb":"Rolle"},"localizedDescriptions":{"nb":"Forholdet eller rollen personen har til pasienten.","en":"The relationship or role of the person to the individual or subject of care."},"rmType":"DV_CODED_TEXT","nodeId":"at0004","min":0,"max":1,"aqlPath":"/content[openEHR-EHR-ACTION.medication.v1]/description[at0017]/items[openEHR-EHR-CLUSTER.person.v0 and name/value='Vaksinatør']/items[at0004]/value","inputs":[{"suffix":"code","type":"CODED_TEXT","list":[{"value":"VACCINATOR","label":"Vaksinatør","ordinal":0,"localizedLabels":{"nb":"Vaksinatør","en":"*Vaksinatør (nb)"},"localizedDescriptions":{}}],"defaultValue":"VACCINATOR","listOpen":false}],"formId":"vaksinasjonsliste/legemiddelhåndtering/vaksinatør@Vaksinatør/rolle","viewConfig":{"multiplicity":{"min":0,"max":1},"advanced":{"hidden":true,"readonly":false,"hideFrame":false,"render":false},"label":{"custom":false,"useLocalizations":false},"size":{"field":"inherit","label":"inherit"},"layout":{"label":{"valign":"inherit","align":"inherit"},"field":{"valign":"inherit","align":"inherit"}},"annotations":{},"field":{"code":{"presentation":"combobox","columns":"1"}}}}]},{"name":"Kommentar","localizedName":"Kommentar","localizedNames":{"en":"Comment","nb":"Kommentar"},"localizedDescriptions":{"nb":"Ytterligere fritekstdetaljer om aktiviteten eller prosesstrinnet som ikke representeres i andre elementer, inkludert detaljer om varians mellom den planlagte handlingen og handlingen som faktisk ble utført.","en":"Additional narrative about the activity or pathway step not captured in other fields, including details of any variance between the intended action and the action actually performed."},"rmType":"DV_TEXT","nodeId":"at0024","min":0,"max":1,"aqlPath":"/content[openEHR-EHR-ACTION.medication.v1]/description[at0017]/items[at0024]/value","inputs":[{"type":"TEXT","list":[],"listOpen":false}],"formId":"vaksinasjonsliste/legemiddelhåndtering/kommentar","viewConfig":{"multiplicity":{"min":0,"max":1},"advanced":{"hidden":false,"readonly":false,"hideFrame":false,"render":false},"label":{"custom":false,"useLocalizations":false},"size":{"field":"inherit","label":"inherit"},"layout":{"label":{"valign":"inherit","align":"inherit"},"field":{"valign":"inherit","align":"inherit"}},"datasource":{"loadRemote":false,"parameters":{}},"annotations":{},"field":{"lines":null,"input":{},"formatting":null}}}]},{"name":"Start time","localizedName":"Start time","localizedNames":{"en":"Start time","nb":"Start time"},"localizedDescriptions":{},"rmType":"DV_DATE_TIME","min":0,"max":1,"aqlPath":"/context/start_time","inputs":[{"type":"DATETIME","listOpen":false}],"formId":"vaksinasjonsliste/start_time","viewConfig":{"multiplicity":{"min":0,"max":1},"advanced":{"hidden":false,"readonly":false,"hideFrame":false,"render":false},"label":{"custom":false,"useLocalizations":false},"size":{"field":"inherit","label":"inherit"},"layout":{"label":{"valign":"inherit","align":"inherit"},"field":{"valign":"inherit","align":"inherit"}},"annotations":{},"field":{"input":{"hideTime":false,"dateFormat":"","hideDate":false}}}},{"name":"End time","localizedName":"End time","localizedNames":{"en":"End time","nb":"End time"},"localizedDescriptions":{},"rmType":"DV_DATE_TIME","min":0,"max":1,"aqlPath":"/context/end_time","inputs":[{"type":"DATETIME","listOpen":false}],"formId":"vaksinasjonsliste/end_time","viewConfig":{"multiplicity":{"min":0,"max":1},"advanced":{"hidden":false,"readonly":false,"hideFrame":false,"render":false},"label":{"custom":false,"useLocalizations":false},"size":{"field":"inherit","label":"inherit"},"layout":{"label":{"valign":"inherit","align":"inherit"},"field":{"valign":"inherit","align":"inherit"}},"annotations":{},"field":{"input":{"hideTime":false,"dateFormat":"","hideDate":false}}}}]}]}