[{"col":1,"row":1,"width":12,"height":31,"children":[{"id":"vaksinasjonsliste","rows":[{"cols":[{"width":"100%","children":[{"id":"vaksinasjonsliste/start_time","rows":[]},{"id":"vaksinasjonsliste/end_time","rows":[]},{"id":"vaksinasjonsliste/legemiddelhåndtering","rows":[{"cols":[{"width":"100%","children":[{"id":"vaksinasjonsliste/legemiddelhåndtering/ism_transition","rows":[{"cols":[{"width":"100%","children":[{"id":"vaksinasjonsliste/legemiddelhåndtering/ism_transition/current_state","rows":[]},{"id":"vaksinasjonsliste/legemiddelhåndtering/ism_transition/careflow_step","rows":[]}]}]}]},{"id":"vaksinasjonsliste/legemiddelhåndtering/time","rows":[]},{"id":"vaksinasjonsliste/legemiddelhåndtering/legemiddel","rows":[]},{"id":"vaksinasjonsliste/legemiddelhåndtering/klinisk_indikasjon","rows":[]},{"id":"vaksinasjonsliste/legemiddelhåndtering/kommentar","rows":[]}]}]}]}]}]}]}]}]